{
  "baseline": {
    "fp": 33,
    "fn": 6,
    "acc": 0.9832446808510639
  },
  "gated": {
    "tau": 0.7400000000000002,
    "beta": 0.2,
    "fp": 28,
    "fn": 13,
    "acc": 0.9827127659574468,
    "fp_reduzido": 5
  },
  "reducao_fp_pct": 15.151515151515152
}