{
  "model": "BiLSTM-Attention",
  "accuracy": 0.9561170212765957,
  "macro_precision": 0.951572318328288,
  "macro_recall": 0.9584920634920635,
  "macro_f1": 0.9538551258416464,
  "per_class": {
    "Bots": {
      "precision": 0.9086294416243654,
      "recall": 0.9944444444444445,
      "f1": 0.9496021220159151
    },
    "Brute Force": {
      "precision": 0.9651741293532339,
      "recall": 0.97,
      "f1": 0.9675810473815462
    },
    "DDoS": {
      "precision": 0.9836065573770492,
      "recall": 1.0,
      "f1": 0.9917355371900827
    },
    "DoS": {
      "precision": 0.9695431472081218,
      "recall": 0.955,
      "f1": 0.9622166246851386
    },
    "Normal Traffic": {
      "precision": 0.9671179883945842,
      "recall": 0.8333333333333334,
      "f1": 0.8952551477170994
    },
    "Port Scanning": {
      "precision": 0.9676375404530745,
      "recall": 0.9966666666666667,
      "f1": 0.9819376026272578
    },
    "Web Attacks": {
      "precision": 0.8992974238875878,
      "recall": 0.96,
      "f1": 0.9286577992744861
    }
  },
  "confusion_matrix": [
    [
      358,
      0,
      0,
      0,
      1,
      1,
      0
    ],
    [
      0,
      582,
      0,
      1,
      2,
      0,
      15
    ],
    [
      0,
      0,
      600,
      0,
      0,
      0,
      0
    ],
    [
      2,
      0,
      4,
      573,
      13,
      0,
      8
    ],
    [
      34,
      10,
      6,
      12,
      500,
      19,
      19
    ],
    [
      0,
      0,
      0,
      1,
      0,
      598,
      1
    ],
    [
      0,
      11,
      0,
      4,
      1,
      0,
      384
    ]
  ],
  "classes": [
    "Bots",
    "Brute Force",
    "DDoS",
    "DoS",
    "Normal Traffic",
    "Port Scanning",
    "Web Attacks"
  ],
  "fp_normal": 100,
  "fn_normal": 17,
  "loss_curve": [
    1.4208590984344482,
    0.9568153023719788,
    0.9131659269332886,
    0.8430435657501221,
    0.7442225217819214,
    0.6973835229873657,
    0.5947946906089783,
    1.2188063859939575,
    0.9397844672203064,
    0.5686498880386353,
    0.48393648862838745,
    0.4362679421901703,
    0.38066011667251587,
    0.3450954854488373,
    0.3609236776828766,
    0.3678340017795563,
    0.39725053310394287,
    0.33151522278785706,
    0.24354109168052673,
    0.30383026599884033,
    0.23062178492546082,
    0.44571399688720703,
    0.3496624529361725,
    0.30723658204078674,
    0.2573045790195465,
    0.20521637797355652,
    0.22018177807331085,
    0.2994876205921173,
    0.20838545262813568,
    0.17688579857349396
  ],
  "val_loss": [
    1.179442286491394,
    0.9504935145378113,
    0.8896713256835938,
    0.8051436543464661,
    0.6989293098449707,
    0.6217945218086243,
    0.5767568945884705,
    1.196147084236145,
    0.723112940788269,
    0.4966827929019928,
    0.46569395065307617,
    0.3995453715324402,
    0.36486682295799255,
    0.3331075608730316,
    0.35549530386924744,
    0.28086820244789124,
    0.40281355381011963,
    0.25736334919929504,
    0.2369772046804428,
    0.2277947962284088,
    0.20621216297149658,
    0.430328905582428,
    0.3350958824157715,
    0.2873998284339905,
    0.2112930417060852,
    0.190898597240448,
    0.3756158649921417,
    0.36260882019996643,
    0.17121975123882294,
    0.18516983091831207
  ]
}