{"loss": [1.8133782148361206, 1.621107578277588, 1.5044527053833008, 1.4780621528625488, 1.4617456197738647, 1.4660228490829468, 1.4260673522949219, 1.6439512968063354, 1.5181877613067627, 1.4196871519088745, 1.3689547777175903, 1.2914241552352905, 1.1723780632019043, 1.0129973888397217, 0.9262275695800781, 0.861385703086853, 0.7063019871711731, 0.7703157067298889, 0.6429763436317444, 0.5416042804718018, 0.49841827154159546, 0.47366422414779663, 0.4449431002140045, 0.46010157465934753, 0.42069900035858154], "val_loss": [1.721757173538208, 1.5608928203582764, 1.5173758268356323, 1.48764967918396, 1.483818531036377, 1.488240122795105, 1.397479772567749, 1.6589412689208984, 1.4236255884170532, 1.4424662590026855, 1.3701387643814087, 1.282010793685913, 1.1009421348571777, 0.9548442959785461, 0.8700465559959412, 0.7770219445228577, 0.6067537069320679, 0.6974882483482361, 0.5463438630104065, 0.5661267042160034, 0.5009726285934448, 0.470592200756073, 0.5967891216278076, 0.4454023838043213, 0.4266628921031952], "accuracy": [0.27341902256011963, 0.34197694063186646, 0.37005022168159485, 0.36990249156951904, 0.37285757064819336, 0.372562050819397, 0.39125296473503113, 0.3364361822605133, 0.3678339123725891, 0.3830525875091553, 0.4452570974826813, 0.4795360565185547, 0.5369385480880737, 0.6097813248634338, 0.6463504433631897, 0.6993942260742188, 0.7909278869628906, 0.7655880451202393, 0.8028221130371094, 0.8529107570648193, 0.8590425252914429, 0.8648788332939148, 0.8703457713127136, 0.8629580140113831, 0.8749261498451233], "val_accuracy": [0.301196813583374, 0.35305851697921753, 0.35239362716674805, 0.3577127754688263, 0.35638296604156494, 0.35571807622909546, 0.40757977962493896, 0.28125, 0.36901596188545227, 0.3617021143436432, 0.447473406791687, 0.457446813583374, 0.5625, 0.6256648898124695, 0.6695478558540344, 0.789893627166748, 0.842420220375061, 0.7859042286872864, 0.8623670339584351, 0.8384308218955994, 0.865026593208313, 0.866356372833252, 0.822473406791687, 0.873670220375061, 0.8730053305625916]}