{"loss": [1.4208590984344482, 0.9568153023719788, 0.9131659269332886, 0.8430435657501221, 0.7442225217819214, 0.6973835229873657, 0.5947946906089783, 1.2188063859939575, 0.9397844672203064, 0.5686498880386353, 0.48393648862838745, 0.4362679421901703, 0.38066011667251587, 0.3450954854488373, 0.3609236776828766, 0.3678340017795563, 0.39725053310394287, 0.33151522278785706, 0.24354109168052673, 0.30383026599884033, 0.23062178492546082, 0.44571399688720703, 0.3496624529361725, 0.30723658204078674, 0.2573045790195465, 0.20521637797355652, 0.22018177807331085, 0.2994876205921173, 0.20838545262813568, 0.17688579857349396], "val_loss": [1.179442286491394, 0.9504935145378113, 0.8896713256835938, 0.8051436543464661, 0.6989293098449707, 0.6217945218086243, 0.5767568945884705, 1.196147084236145, 0.723112940788269, 0.4966827929019928, 0.46569395065307617, 0.3995453715324402, 0.36486682295799255, 0.3331075608730316, 0.35549530386924744, 0.28086820244789124, 0.40281355381011963, 0.25736334919929504, 0.2369772046804428, 0.2277947962284088, 0.20621216297149658, 0.430328905582428, 0.3350958824157715, 0.2873998284339905, 0.2112930417060852, 0.190898597240448, 0.3756158649921417, 0.36260882019996643, 0.17121975123882294, 0.18516983091831207], "accuracy": [0.4691932499408722, 0.6623817682266235, 0.6619385480880737, 0.6845449209213257, 0.7255467176437378, 0.7457889914512634, 0.7872340679168701, 0.5991430282592773, 0.656988799571991, 0.817375898361206, 0.8382092118263245, 0.8528369069099426, 0.8752216100692749, 0.8875591158866882, 0.8830525875091553, 0.8815011978149414, 0.8758864998817444, 0.8903664350509644, 0.92302006483078, 0.9039598107337952, 0.9268617033958435, 0.8461140394210815, 0.8727098107337952, 0.8874852061271667, 0.9137116074562073, 0.9351359605789185, 0.9307771921157837, 0.9099438786506653, 0.9364657402038574, 0.9445183277130127], "val_accuracy": [0.5864361524581909, 0.6369680762290955, 0.6422872543334961, 0.7034574747085571, 0.7380319237709045, 0.8078457713127136, 0.7719414830207825, 0.5990691781044006, 0.7473404407501221, 0.8191489577293396, 0.8277925252914429, 0.8603723645210266, 0.8670212626457214, 0.886303186416626, 0.8643617033958435, 0.9082446694374084, 0.8543882966041565, 0.90625, 0.9215425252914429, 0.927526593208313, 0.9315159320831299, 0.8390957713127136, 0.8829787373542786, 0.8902925252914429, 0.9355053305625916, 0.9421542286872864, 0.852393627166748, 0.8723404407501221, 0.9507978558540344, 0.9428191781044006]}