{"loss": [1.4910694360733032, 1.0235532522201538, 1.03325617313385, 0.762863039970398, 0.6305447220802307, 0.5766370892524719], "val_loss": [1.179428219795227, 0.8401772379875183, 0.7608678936958313, 0.633319079875946, 0.5761913657188416, 0.5278844237327576], "accuracy": [0.42922577261924744, 0.6468676328659058, 0.650783121585846, 0.7533983588218689, 0.7803635001182556, 0.7952127456665039], "val_accuracy": [0.5378989577293396, 0.710106372833252, 0.758643627166748, 0.7792553305625916, 0.802526593208313, 0.8051861524581909]}