{"loss": [1.507813811302185, 1.0944223403930664, 0.9544047117233276, 0.9327965974807739, 0.7787750363349915, 1.0654184818267822, 0.9389957189559937, 0.8851348757743835, 0.9939097166061401, 0.6928573846817017, 0.6120933890342712, 0.6082630157470703, 0.6093368530273438, 0.5067853927612305, 0.5198843479156494, 0.8264980912208557, 0.6891465783119202, 0.4918646812438965, 0.4046638011932373, 0.4351055920124054, 0.48591241240501404, 0.3294323980808258, 0.4281546473503113, 0.36951950192451477, 0.3201926350593567, 0.5189681053161621, 0.3673780858516693, 0.35015973448753357, 0.2613210380077362, 0.3487878143787384], "val_loss": [1.1786164045333862, 0.9216459393501282, 0.950165867805481, 0.8341773748397827, 1.41546630859375, 1.2186791896820068, 0.7508145570755005, 0.7557553052902222, 0.9167123436927795, 0.5986930131912231, 0.5492231249809265, 0.6556912064552307, 0.5648109912872314, 0.5044099688529968, 0.6062186360359192, 0.8661736845970154, 0.618893563747406, 0.45959150791168213, 0.39617210626602173, 0.998625636100769, 0.3388592600822449, 0.282358855009079, 0.30630916357040405, 0.310299813747406, 0.2854318618774414, 0.317827433347702, 0.40258362889289856, 0.2930888831615448, 0.24011565744876862, 0.32132425904273987], "accuracy": [0.4230939745903015, 0.6280289888381958, 0.6657801270484924, 0.6702127456665039, 0.7384752035140991, 0.6192376017570496, 0.6632683277130127, 0.6938534379005432, 0.6495271921157837, 0.7652186751365662, 0.7899674773216248, 0.7778516411781311, 0.7757092118263245, 0.8143469095230103, 0.8136081695556641, 0.7371453642845154, 0.7612293362617493, 0.8511376976966858, 0.8786199688911438, 0.8677600622177124, 0.8426418304443359, 0.901374101638794, 0.870493471622467, 0.8894060254096985, 0.9032949209213257, 0.8417553305625916, 0.8859338164329529, 0.8888149857521057, 0.9185874462127686, 0.8941341638565063], "val_accuracy": [0.5831117033958435, 0.6708776354789734, 0.6668882966041565, 0.7001329660415649, 0.5804521441459656, 0.5757978558540344, 0.7473404407501221, 0.7493351101875305, 0.6914893388748169, 0.7785904407501221, 0.8005319237709045, 0.7367021441459656, 0.8018617033958435, 0.8151595592498779, 0.758643627166748, 0.7014627456665039, 0.8171542286872864, 0.8570478558540344, 0.8730053305625916, 0.6429521441459656, 0.894946813583374, 0.907579779624939, 0.90625, 0.914893627166748, 0.9102393388748169, 0.886303186416626, 0.8716755509376526, 0.9042553305625916, 0.914893627166748, 0.9122340679168701]}