{
  "model": "LSTM",
  "accuracy": 0.9832446808510639,
  "macro_precision": 0.9811175257520438,
  "macro_recall": 0.9838888888888889,
  "macro_f1": 0.9823545011362101,
  "per_class": {
    "Bots": {
      "precision": 0.9728997289972899,
      "recall": 0.9972222222222222,
      "f1": 0.9849108367626886
    },
    "Brute Force": {
      "precision": 0.9915540540540541,
      "recall": 0.9783333333333334,
      "f1": 0.9848993288590604
    },
    "DDoS": {
      "precision": 0.9983333333333333,
      "recall": 0.9983333333333333,
      "f1": 0.9983333333333333
    },
    "DoS": {
      "precision": 0.9801980198019802,
      "recall": 0.99,
      "f1": 0.9850746268656716
    },
    "Normal Traffic": {
      "precision": 0.9895287958115183,
      "recall": 0.945,
      "f1": 0.9667519181585678
    },
    "Port Scanning": {
      "precision": 0.9884488448844885,
      "recall": 0.9983333333333333,
      "f1": 0.9933665008291874
    },
    "Web Attacks": {
      "precision": 0.9468599033816425,
      "recall": 0.98,
      "f1": 0.9631449631449631
    }
  },
  "confusion_matrix": [
    [
      359,
      0,
      0,
      0,
      1,
      0,
      0
    ],
    [
      0,
      587,
      0,
      1,
      1,
      0,
      11
    ],
    [
      0,
      0,
      599,
      0,
      1,
      0,
      0
    ],
    [
      0,
      0,
      0,
      594,
      3,
      0,
      3
    ],
    [
      10,
      1,
      1,
      6,
      567,
      7,
      8
    ],
    [
      0,
      0,
      0,
      1,
      0,
      599,
      0
    ],
    [
      0,
      4,
      0,
      4,
      0,
      0,
      392
    ]
  ],
  "classes": [
    "Bots",
    "Brute Force",
    "DDoS",
    "DoS",
    "Normal Traffic",
    "Port Scanning",
    "Web Attacks"
  ],
  "loss_curve": [
    0.8893855214118958,
    0.28172239661216736,
    0.18706049025058746,
    0.14850056171417236,
    0.12808722257614136,
    0.11653412133455276,
    0.10656289756298065,
    0.09920880198478699,
    0.09361668676137924,
    0.09187749773263931,
    0.08725812286138535,
    0.0857643410563469,
    0.08245313167572021,
    0.08168172836303711,
    0.0786791667342186,
    0.07760603725910187,
    0.07618798315525055,
    0.0720394104719162,
    0.07296070456504822,
    0.07013260573148727,
    0.07083392143249512,
    0.06898114085197449,
    0.06807252764701843,
    0.06718041002750397,
    0.0674348771572113,
    0.0658392608165741,
    0.06489617377519608,
    0.06324829161167145,
    0.06276319921016693,
    0.06374503672122955
  ],
  "val_loss": [
    0.39729058742523193,
    0.22863487899303436,
    0.16878561675548553,
    0.1385864019393921,
    0.12301202863454819,
    0.10845950990915298,
    0.10015560686588287,
    0.09108992666006088,
    0.08689474314451218,
    0.08013433963060379,
    0.07836030423641205,
    0.07682837545871735,
    0.07243702560663223,
    0.07137801498174667,
    0.07014025747776031,
    0.06738711148500443,
    0.06600097566843033,
    0.06222512200474739,
    0.06390601396560669,
    0.06399998068809509,
    0.06236816570162773,
    0.060103725641965866,
    0.05936755612492561,
    0.059178292751312256,
    0.05814544856548309,
    0.057126156985759735,
    0.05672495812177658,
    0.05522967875003815,
    0.056344274431467056,
    0.05619538202881813
  ],
  "acc_curve": [
    0.7489657402038574,
    0.9143025875091553,
    0.9485815763473511,
    0.9585549831390381,
    0.9629876017570496,
    0.9646129012107849,
    0.9685283899307251,
    0.9694148898124695,
    0.970079779624939,
    0.971187949180603,
    0.9731826186180115,
    0.9726654887199402,
    0.9741430282592773,
    0.9748079180717468,
    0.9745123982429504,
    0.9761376976966858,
    0.9763593673706055,
    0.9775413870811462,
    0.9786495566368103,
    0.978723406791687,
    0.9785756468772888,
    0.9786495566368103,
    0.9794621467590332,
    0.9786495566368103,
    0.9802009463310242,
    0.9806442260742188,
    0.9804964661598206,
    0.9809397459030151,
    0.9816046357154846,
    0.9802747964859009
  ],
  "val_acc": [
    0.8789893388748169,
    0.936170220375061,
    0.9494680762290955,
    0.9607712626457214,
    0.9627659320831299,
    0.967420220375061,
    0.9694148898124695,
    0.9740691781044006,
    0.9734042286872864,
    0.9753989577293396,
    0.9720744490623474,
    0.9767287373542786,
    0.9767287373542786,
    0.978723406791687,
    0.978723406791687,
    0.978723406791687,
    0.978723406791687,
    0.977393627166748,
    0.9807180762290955,
    0.9807180762290955,
    0.9813829660415649,
    0.9820478558540344,
    0.9833776354789734,
    0.9840425252914429,
    0.9840425252914429,
    0.980053186416626,
    0.9840425252914429,
    0.9840425252914429,
    0.9853723645210266,
    0.9840425252914429
  ]
}