{
  "model": "RandomForest",
  "accuracy": 0.9949468085106383,
  "macro_precision": 0.9941557892220295,
  "macro_recall": 0.9951984126984126,
  "macro_f1": 0.9946672194966583,
  "per_class": {
    "Bots": {
      "precision": 0.9889807162534435,
      "recall": 0.9972222222222222,
      "f1": 0.9930843706777317
    },
    "Brute Force": {
      "precision": 1.0,
      "recall": 1.0,
      "f1": 1.0
    },
    "DDoS": {
      "precision": 1.0,
      "recall": 0.9983333333333333,
      "f1": 0.9991659716430359
    },
    "DoS": {
      "precision": 0.9932998324958124,
      "recall": 0.9883333333333333,
      "f1": 0.9908103592314118
    },
    "Normal Traffic": {
      "precision": 0.9916247906197655,
      "recall": 0.9866666666666667,
      "f1": 0.9891395154553049
    },
    "Port Scanning": {
      "precision": 1.0,
      "recall": 0.9983333333333333,
      "f1": 0.9991659716430359
    },
    "Web Attacks": {
      "precision": 0.9851851851851852,
      "recall": 0.9975,
      "f1": 0.991304347826087
    }
  },
  "confusion_matrix": [
    [
      359,
      0,
      0,
      0,
      1,
      0,
      0
    ],
    [
      0,
      600,
      0,
      0,
      0,
      0,
      0
    ],
    [
      0,
      0,
      599,
      0,
      1,
      0,
      0
    ],
    [
      0,
      0,
      0,
      593,
      3,
      0,
      4
    ],
    [
      4,
      0,
      0,
      2,
      592,
      0,
      2
    ],
    [
      0,
      0,
      0,
      1,
      0,
      599,
      0
    ],
    [
      0,
      0,
      0,
      1,
      0,
      0,
      399
    ]
  ],
  "classes": [
    "Bots",
    "Brute Force",
    "DDoS",
    "DoS",
    "Normal Traffic",
    "Port Scanning",
    "Web Attacks"
  ],
  "feature_importance": [
    [
      "Destination Port",
      0.11635271887759197
    ],
    [
      "Init_Win_bytes_backward",
      0.07314692464440879
    ],
    [
      "Total Length of Fwd Packets",
      0.05203061944531224
    ],
    [
      "Fwd Packet Length Max",
      0.05073870771619227
    ],
    [
      "Average Packet Size",
      0.04784291341744007
    ],
    [
      "Fwd Packet Length Mean",
      0.04078778820816196
    ],
    [
      "Bwd Packet Length Mean",
      0.036254071676121664
    ],
    [
      "Max Packet Length",
      0.0311712318478286
    ],
    [
      "Subflow Bwd Bytes",
      0.030723104511894795
    ],
    [
      "Flow Bytes/s",
      0.028492462094353205
    ],
    [
      "Init_Win_bytes_forward",
      0.027654778608977505
    ],
    [
      "Flow IAT Std",
      0.024800097779431755
    ],
    [
      "Bwd Packet Length Min",
      0.023013706515722623
    ],
    [
      "min_seg_size_forward",
      0.022197535817794902
    ],
    [
      "Packet Length Variance",
      0.022055908751363214
    ],
    [
      "Bwd Packet Length Std",
      0.02148782181360941
    ],
    [
      "Packet Length Std",
      0.02142809101358818
    ],
    [
      "Bwd Packet Length Max",
      0.021146431844315312
    ],
    [
      "Fwd IAT Mean",
      0.020519691445244063
    ],
    [
      "Bwd Packets/s",
      0.0196781663934816
    ],
    [
      "Fwd IAT Std",
      0.01933124889908477
    ],
    [
      "Fwd IAT Total",
      0.019236339027410513
    ],
    [
      "Flow IAT Mean",
      0.017458681211707273
    ],
    [
      "Fwd Packet Length Std",
      0.017248756079449964
    ],
    [
      "Idle Mean",
      0.01722114106391711
    ],
    [
      "Flow Packets/s",
      0.015573164641723753
    ],
    [
      "Fwd Packets/s",
      0.015431553823838262
    ],
    [
      "act_data_pkt_fwd",
      0.015401794101946345
    ],
    [
      "Idle Min",
      0.013573537091380443
    ],
    [
      "Bwd IAT Max",
      0.013355987348036906
    ],
    [
      "Bwd IAT Std",
      0.012228103118857424
    ],
    [
      "Idle Max",
      0.011430371143600102
    ],
    [
      "Min Packet Length",
      0.01007652322103224
    ],
    [
      "Fwd IAT Min",
      0.009631933499990036
    ],
    [
      "Fwd Packet Length Min",
      0.009369156838025127
    ],
    [
      "Bwd IAT Total",
      0.008115596778559794
    ],
    [
      "Bwd IAT Mean",
      0.007660885155128495
    ],
    [
      "Flow IAT Min",
      0.0075575123712912605
    ],
    [
      "PSH Flag Count",
      0.0057960556261094295
    ],
    [
      "Bwd IAT Min",
      0.005007174903494561
    ],
    [
      "ACK Flag Count",
      0.0041825886482193195
    ],
    [
      "Active Min",
      0.002554099301599371
    ],
    [
      "Fwd PSH Flags",
      0.0023486362725713
    ],
    [
      "Active Mean",
      0.0018953600515115082
    ],
    [
      "Down/Up Ratio",
      0.0018310342458984737
    ],
    [
      "Active Max",
      0.0018282515662972768
    ],
    [
      "URG Flag Count",
      0.001795817692249945
    ],
    [
      "FIN Flag Count",
      0.0007565525009224759
    ],
    [
      "Idle Std",
      0.0003323668498887174
    ],
    [
      "Active Std",
      0.00024500376170432146
    ],
    [
      "RST Flag Count",
      2.0007417193614827e-06
    ],
    [
      "Fwd URG Flags",
      0.0
    ]
  ]
}